<?xml version="1.0" encoding="utf-8"?>
<sar:EarthObservation xmlns:eop="http://earth.esa.int/eop" xmlns:gml="http://www.opengis.net/gml" xmlns:sar="http://earth.esa.int/sar" version="1.2.2">
  <gml:metaDataProperty>
    <eop:EarthObservationMetaData>
      <eop:identifier>SAR123</eop:identifier>
      <eop:parentIdentifier>urn:ogc:def:EOP:CSA:RSAT2</eop:parentIdentifier>
      <eop:productType/>
      <eop:status>PROGRAMMED</eop:status>
    </eop:EarthObservationMetaData>
  </gml:metaDataProperty>
  <gml:validTime>
    <gml:TimePeriod>
      <gml:beginPosition>2017-06-02T23:39:00.896240Z</gml:beginPosition>
      <gml:endPosition>2017-06-02T23:39:07.880756Z</gml:endPosition>
    </gml:TimePeriod>
  </gml:validTime>
  <gml:using>
    <eop:EarthObservationEquipment>
      <eop:platform>
        <eop:Platform>
          <eop:shortName>RADARSAT2</eop:shortName>
        </eop:Platform>
      </eop:platform>
      <eop:instrument>
        <eop:Instrument>
          <eop:shortName>SAR_RAD_2</eop:shortName>
        </eop:Instrument>
      </eop:instrument>
      <eop:sensor>
        <eop:Sensor>
          <eop:sensorType>RADAR</eop:sensorType>
          <eop:operationalMode>ULTRA_FINE</eop:operationalMode>
        </eop:Sensor>
      </eop:sensor>
    </eop:EarthObservationEquipment>
  </gml:using>
  <gml:target>
    <eop:Footprint>
      <gml:multiExtentOf>
        <gml:MultiSurface srsName="EPSG:4326">
          <gml:surfaceMembers>
            <gml:Polygon>
              <gml:exterior>
                <gml:LinearRing>
                  <gml:posList>9.163425407653519e+01,2.218400413421320e+01 9.203466737934289e+01,2.211598181214218e+01 9.210855095868085e+01,2.248919246063661e+01 9.170701249599688e+01,2.255699246458139e+01 9.163425407653519e+01,2.218400413421320e+01</gml:posList>
                </gml:LinearRing>
              </gml:exterior>
            </gml:Polygon>
          </gml:surfaceMembers>
        </gml:MultiSurface>
      </gml:multiExtentOf>
    </eop:Footprint>
  </gml:target>
  <eop:browse>
    <eop:BrowseInformation>
      <eop:type>THUMBNAIL</eop:type>
      <eop:referenceSystemIdentifier codeSpace="EPSG">EPSG:4326</eop:referenceSystemIdentifier>
      <eop:fileName>ICON.JPG</eop:fileName>
    </eop:BrowseInformation>
  </eop:browse>
  <eop:browse>
    <eop:BrowseInformation>
      <eop:type>QUICKLOOK</eop:type>
      <eop:referenceSystemIdentifier codeSpace="EPSG">EPSG:4326</eop:referenceSystemIdentifier>
      <eop:fileName>PREVIEW.JPG</eop:fileName>
    </eop:BrowseInformation>
  </eop:browse>
</sar:EarthObservation>