<?xml version="1.0" encoding="utf-8"?>
<sar:EarthObservation xmlns:eop="http://earth.esa.int/eop" xmlns:gml="http://www.opengis.net/gml" xmlns:sar="http://earth.esa.int/sar" version="1.2.2">
  <gml:metaDataProperty>
    <eop:EarthObservationMetaData>
      <eop:identifier>323713</eop:identifier>
      <eop:parentIdentifier>urn:ogc:def:EOP:CSA:RSAT2</eop:parentIdentifier>
      <eop:productType/>
      <eop:status>PROGRAMMED</eop:status>
    </eop:EarthObservationMetaData>
  </gml:metaDataProperty>
  <gml:validTime>
    <gml:TimePeriod>
      <gml:beginPosition>2014-05-04T02:12:55.751526Z</gml:beginPosition>
      <gml:endPosition>2014-05-04T02:13:18.828828Z</gml:endPosition>
    </gml:TimePeriod>
  </gml:validTime>
  <gml:using>
    <eop:EarthObservationEquipment>
      <eop:platform>
        <eop:Platform>
          <eop:shortName>RADARSAT2</eop:shortName>
        </eop:Platform>
      </eop:platform>
      <eop:instrument>
        <eop:Instrument>
          <eop:shortName>SAR_RAD_2</eop:shortName>
        </eop:Instrument>
      </eop:instrument>
      <eop:sensor>
        <eop:Sensor>
          <eop:sensorType>RADAR</eop:sensorType>
          <eop:operationalMode>FINE</eop:operationalMode>
        </eop:Sensor>
      </eop:sensor>
    </eop:EarthObservationEquipment>
  </gml:using>
  <gml:target>
    <eop:Footprint>
      <gml:multiExtentOf>
        <gml:MultiSurface srsName="EPSG:4326">
          <gml:surfaceMembers>
            <gml:Polygon>
              <gml:exterior>
                <gml:LinearRing>
                  <gml:posList>-14.60371 49.69178 -14.88212 50.87718 -16.19219 50.54443 -15.91122 49.35221 -14.60371 49.69178</gml:posList>
                </gml:LinearRing>
              </gml:exterior>
            </gml:Polygon>
          </gml:surfaceMembers>
        </gml:MultiSurface>
      </gml:multiExtentOf>
    </eop:Footprint>
  </gml:target>
  <eop:browse>
    <eop:BrowseInformation>
      <eop:type>THUMBNAIL</eop:type>
      <eop:referenceSystemIdentifier codeSpace="EPSG">EPSG:4326</eop:referenceSystemIdentifier>
      <eop:fileName>ICON.JPG</eop:fileName>
    </eop:BrowseInformation>
  </eop:browse>
  <eop:browse>
    <eop:BrowseInformation>
      <eop:type>QUICKLOOK</eop:type>
      <eop:referenceSystemIdentifier codeSpace="EPSG">EPSG:4326</eop:referenceSystemIdentifier>
      <eop:fileName>PREVIEW.JPG</eop:fileName>
    </eop:BrowseInformation>
  </eop:browse>
</sar:EarthObservation>